gender,age,hypertension,heart_disease,ever_married,work_type,avg_glucose_level,bmi,smoking_status,stroke
Male,26,0,0,No,Private,132.2,29.5,formerly_smoked,0
Male,57,0,0,Yes,Self-employed,101.4,22.4,formerly_smoked,0
Male,73,1,1,Yes,Self-employed,145.26886116084478,22.4,smokes,1
Female,61,1,1,Yes,Self-employed,133.72331279922253,23.1,formerly_smoked,0
Male,63,0,1,Yes,Self-employed,142.12848203245966,27.4,smokes,0
Female,38,0,0,Yes,Govt_job,83.6,34.0,never_smoked,0
Female,82,0,0,Yes,Self-employed,119.11443640488982,30.1,formerly_smoked,0
Female,58,1,0,Yes,Private,149.80500385942278,36.7,smokes,0
Male,57,0,0,Yes,Govt_job,114.2,33.4,formerly_smoked,1
Male,30,0,0,No,Private,120.7,27.9,smokes,0
Female,38,0,0,Yes,Govt_job,123.2,31.3,formerly_smoked,0
Female,32,0,0,Yes,Private,111.7,21.3,smokes,0
Female,67,0,0,No,Govt_job,107.1117988445781,18.0,never_smoked,0
Female,54,1,0,Yes,Private,182.17807096734413,21.7,never_smoked,1
Male,42,0,0,No,Private,60.0,28.9,never_smoked,0
Male,35,0,0,Yes,Self-employed,60.0,32.6,formerly_smoked,0
Female,34,0,0,Yes,Private,117.9,26.5,smokes,0
Male,28,0,0,No,Private,136.2,39.1,formerly_smoked,0
Male,64,1,0,Yes,Self-employed,140.66843537594062,18.0,formerly_smoked,0
Male,25,0,0,No,Govt_job,77.1,26.9,formerly_smoked,0
Female,64,0,0,Yes,Govt_job,173.19138121017127,31.5,never_smoked,0
Male,70,1,0,Yes,Self-employed,91.90040671916755,30.4,formerly_smoked,0
Female,60,1,1,No,Private,98.67575290234993,27.7,smokes,1
Male,82,0,0,Yes,Govt_job,153.57505301301313,32.3,never_smoked,0
Male,72,0,0,Yes,Govt_job,66.84286879208872,18.0,formerly_smoked,0
Female,77,0,1,Yes,Self-employed,100.29035153080181,35.0,never_smoked,1
Female,47,0,0,Yes,Govt_job,98.1,38.6,smokes,0
Male,48,0,0,No,Self-employed,60.0,31.7,smokes,0
Female,45,0,0,Yes,Private,60.0,30.2,formerly_smoked,0
Male,44,0,0,Yes,Govt_job,119.9,27.7,smokes,0
Male,67,1,0,Yes,Private,74.02061886737317,33.4,smokes,0
Male,70,0,1,Yes,Private,162.4232956851943,32.3,formerly_smoked,0
Male,54,1,0,Yes,Govt_job,94.8772027580408,20.4,smokes,0
Male,72,0,0,Yes,Self-employed,132.1961777979471,31.4,smokes,0
Male,33,0,0,Yes,Private,79.8,25.2,smokes,1
Female,49,0,0,Yes,Govt_job,74.1,25.2,formerly_smoked,0
Male,56,1,1,Yes,Govt_job,219.8862486200693,38.8,never_smoked,0
Male,66,0,1,Yes,Self-employed,142.88919958005687,23.6,formerly_smoked,0
Male,47,0,0,Yes,Govt_job,84.5,32.5,formerly_smoked,0
Female,74,0,0,Yes,Private,118.74518514617688,24.8,never_smoked,1
Male,31,0,0,Yes,Govt_job,108.5,29.5,smokes,1
Female,25,0,0,No,Self-employed,99.6,36.0,formerly_smoked,0
Male,71,0,0,No,Self-employed,115.75186614147677,23.6,never_smoked,0
Female,46,1,0,Yes,Private,169.60959939274676,31.4,never_smoked,1
Male,30,0,0,No,Self-employed,108.7,27.6,never_smoked,0
Male,30,0,0,No,Self-employed,65.7,25.5,smokes,0
Female,47,0,0,Yes,Self-employed,80.8,20.1,formerly_smoked,0
Male,37,0,0,Yes,Govt_job,156.6,26.0,smokes,1
Male,48,0,0,Yes,Govt_job,114.1,27.8,formerly_smoked,0
Female,55,0,0,Yes,Self-employed,132.7,18.0,formerly_smoked,1
Male,76,0,0,Yes,Self-employed,156.27080619094653,18.0,smokes,1
Female,44,0,0,Yes,Govt_job,61.2,24.2,formerly_smoked,1
Male,51,0,0,Yes,Private,140.9,27.0,never_smoked,0
Male,52,1,0,Yes,Self-employed,97.67621147957277,26.0,formerly_smoked,0
Female,42,0,0,Yes,Private,63.3,26.1,smokes,1
Male,73,0,1,Yes,Self-employed,218.34467441669378,30.9,smokes,1
Male,55,1,0,Yes,Private,130.87750610974285,24.2,never_smoked,1
Male,45,0,0,Yes,Self-employed,140.3,19.0,smokes,0
Female,65,1,1,Yes,Govt_job,132.151344914157,29.7,never_smoked,1
Male,54,0,0,Yes,Govt_job,105.6,22.6,never_smoked,0
Male,80,1,0,Yes,Govt_job,151.956675493153,28.4,never_smoked,0
Female,46,0,0,Yes,Self-employed,83.2,34.7,never_smoked,0
Female,70,0,0,Yes,Govt_job,134.86873450398897,35.6,formerly_smoked,0
Female,31,0,0,Yes,Govt_job,91.6,21.8,formerly_smoked,0
Female,64,0,0,No,Govt_job,175.1304803809298,30.1,never_smoked,0
Female,39,0,0,Yes,Private,116.7,23.6,smokes,1
Female,75,1,0,Yes,Self-employed,136.65208065188713,30.3,smokes,0
Female,62,1,0,Yes,Private,98.86696873329245,31.0,never_smoked,0
Female,54,0,0,Yes,Self-employed,73.4,30.7,formerly_smoked,0
Male,63,0,0,Yes,Private,145.60395967831266,18.0,smokes,0
Male,65,1,1,Yes,Private,139.2888343695798,25.4,smokes,1
Female,58,0,1,No,Self-employed,142.65509122349278,21.9,never_smoked,1
Male,54,0,0,Yes,Self-employed,150.1,34.0,smokes,1
Female,69,1,1,No,Self-employed,110.32639817647578,26.7,never_smoked,0
Female,62,0,0,Yes,Self-employed,60.0,26.1,smokes,0
Female,31,0,0,Yes,Govt_job,73.8,32.2,never_smoked,0
Male,28,0,0,No,Private,123.6,36.1,formerly_smoked,0
Male,46,0,0,Yes,Govt_job,122.3,32.8,formerly_smoked,0
Male,62,1,1,Yes,Govt_job,139.5873789626975,34.4,never_smoked,1
Male,64,1,0,Yes,Self-employed,138.782924881867,27.4,smokes,1
Male,45,0,0,Yes,Self-employed,120.2,29.1,smokes,0
Male,75,0,0,Yes,Govt_job,100.2144071353074,34.1,formerly_smoked,0
Female,52,1,0,No,Govt_job,201.99112206846053,30.5,never_smoked,1
Male,51,0,0,Yes,Govt_job,86.9,19.9,formerly_smoked,0
Male,47,0,0,Yes,Self-employed,80.3,31.2,smokes,0
Male,63,0,0,Yes,Govt_job,158.84216674637707,18.0,never_smoked,1
Male,30,0,0,No,Private,98.7,23.7,never_smoked,0
Male,81,1,1,Yes,Govt_job,99.86985114672989,27.7,formerly_smoked,0
Male,47,0,0,Yes,Govt_job,102.9,20.8,smokes,0
Male,38,0,0,Yes,Private,92.7,28.5,never_smoked,0
Male,57,0,0,Yes,Govt_job,98.9,22.2,formerly_smoked,0
Female,70,0,0,No,Private,124.25558073702378,27.8,smokes,0
Female,58,1,0,Yes,Private,135.89856186968916,34.9,formerly_smoked,0
Male,40,0,0,Yes,Private,117.3,30.1,smokes,0
Female,80,0,0,Yes,Govt_job,167.85826667860232,20.4,never_smoked,1
Female,78,1,0,Yes,Govt_job,134.4269443016837,38.3,smokes,1
Female,57,1,1,Yes,Self-employed,60.67426378602022,29.1,smokes,1
Female,49,0,0,Yes,Govt_job,147.2,31.1,formerly_smoked,0
Male,46,1,0,No,Self-employed,154.65123684454724,35.0,smokes,1
Female,77,1,0,No,Govt_job,143.85484289040355,26.8,formerly_smoked,1
Female,37,0,0,Yes,Private,69.1,22.4,never_smoked,0
Male,71,0,0,Yes,Self-employed,89.46783889100021,29.0,smokes,0
Female,82,0,0,No,Self-employed,161.3598248018924,24.2,never_smoked,0
Female,28,0,0,No,Self-employed,105.9,27.4,smokes,0
Male,39,0,0,No,Private,60.0,27.2,never_smoked,0
Female,75,1,1,No,Self-employed,204.7733038146648,41.1,smokes,1
Male,78,1,0,Yes,Self-employed,121.89476631260328,34.1,formerly_smoked,1
Female,63,0,0,Yes,Self-employed,144.54644708758906,28.9,never_smoked,0
Male,49,0,0,Yes,Self-employed,127.7,34.9,never_smoked,0
Female,33,1,0,Yes,Private,132.95207543275012,33.7,smokes,0
Male,75,1,1,No,Govt_job,74.23310292201732,21.8,never_smoked,0
Female,42,0,0,Yes,Self-employed,60.0,26.5,smokes,0
Female,76,0,0,Yes,Govt_job,125.80206733224986,30.9,formerly_smoked,0
Female,35,0,0,Yes,Private,134.4,18.0,smokes,0
Male,26,0,0,No,Govt_job,93.9,30.3,smokes,0
Female,48,0,0,Yes,Private,95.0,30.6,smokes,1
Female,70,0,0,No,Self-employed,108.95333578227365,33.7,formerly_smoked,0
Male,60,0,0,Yes,Govt_job,78.7,32.4,smokes,0
Female,60,0,0,Yes,Private,128.7,44.2,formerly_smoked,1
Female,66,1,0,Yes,Govt_job,143.37098873390664,28.7,smokes,0
Male,44,0,0,Yes,Govt_job,69.8,29.1,formerly_smoked,0
Male,57,0,0,Yes,Govt_job,136.2,25.4,smokes,0
Male,56,0,0,Yes,Private,96.2,30.8,smokes,0
Female,38,0,0,Yes,Govt_job,89.8,25.0,never_smoked,0
Male,34,1,0,Yes,Govt_job,111.33061113680789,20.4,never_smoked,0
Female,56,0,1,Yes,Self-employed,98.81621213883676,28.1,formerly_smoked,0
Female,43,0,0,Yes,Self-employed,126.4,26.1,formerly_smoked,0
Female,29,0,0,No,Self-employed,115.5,36.6,smokes,0
Female,60,0,1,Yes,Govt_job,117.40965677848622,30.8,formerly_smoked,0
Female,35,0,0,Yes,Self-employed,60.0,29.6,smokes,0
Male,48,0,0,Yes,Self-employed,156.7,29.9,smokes,0
Male,71,1,0,Yes,Self-employed,158.97710814212377,31.1,formerly_smoked,0
Female,34,0,0,Yes,Govt_job,117.9,23.8,smokes,0
Female,58,0,0,Yes,Govt_job,173.4,38.0,never_smoked,0
Female,37,0,0,Yes,Self-employed,152.3,32.3,formerly_smoked,0
Female,43,0,0,Yes,Self-employed,127.1,20.9,never_smoked,0
Female,66,1,0,Yes,Govt_job,129.02672930065478,33.9,smokes,1
Male,51,1,0,Yes,Private,95.71942371690264,27.8,formerly_smoked,0
Female,45,0,0,Yes,Private,113.2,33.7,smokes,0
Male,27,0,0,No,Self-employed,60.0,33.9,never_smoked,0
Female,61,0,0,Yes,Govt_job,135.32599838027204,28.6,smokes,0
Female,35,0,0,Yes,Govt_job,67.3,22.0,formerly_smoked,0
Female,77,0,0,Yes,Private,115.72355831196333,18.0,never_smoked,0
Female,62,1,0,Yes,Private,118.37561413715169,26.3,never_smoked,0
Female,48,0,0,Yes,Private,114.3,29.5,never_smoked,0
Male,73,1,0,Yes,Self-employed,148.32506166820426,18.5,smokes,0
Male,35,0,0,Yes,Private,68.6,19.9,smokes,0
Female,33,0,0,Yes,Private,95.0,32.3,smokes,0
Male,62,1,0,Yes,Private,176.0127212067396,24.7,formerly_smoked,0
Female,48,0,0,Yes,Self-employed,127.2,32.7,never_smoked,0
Female,58,1,0,Yes,Self-employed,155.55800825490275,32.9,never_smoked,1
Female,37,0,0,Yes,Private,132.4,31.9,formerly_smoked,1
Male,50,0,0,Yes,Private,105.3,40.6,formerly_smoked,0
Female,40,0,0,Yes,Govt_job,84.5,30.8,smokes,0
Female,66,0,0,Yes,Private,108.3055646123666,33.6,never_smoked,0
Female,28,0,0,No,Self-employed,107.5,24.7,smokes,1
Female,79,0,0,Yes,Self-employed,127.78352985117508,36.1,smokes,0
Male,55,1,0,Yes,Private,136.73204602236342,30.9,formerly_smoked,0
Female,44,0,0,Yes,Self-employed,95.2,35.3,never_smoked,0
Male,72,1,0,Yes,Self-employed,104.69519324223462,35.4,never_smoked,0
Female,41,0,0,Yes,Govt_job,127.9,32.2,smokes,1
Female,36,0,0,Yes,Govt_job,112.7,18.4,formerly_smoked,0
Male,25,0,0,No,Self-employed,107.8,29.0,never_smoked,0
Female,76,0,0,Yes,Private,138.83323302581715,31.8,formerly_smoked,0
Female,61,1,0,Yes,Private,90.81508705452862,27.8,smokes,0
Male,56,0,0,No,Private,133.0,29.4,smokes,0
Female,82,0,1,No,Private,159.4813419984808,27.4,formerly_smoked,1
Male,61,0,0,Yes,Govt_job,170.45283073055583,32.4,formerly_smoked,1
Male,78,1,0,Yes,Self-employed,165.4165058427908,22.2,formerly_smoked,1
Male,68,0,0,Yes,Private,101.39999979250368,32.0,smokes,0
Female,31,1,0,Yes,Self-employed,110.16531031064355,29.5,formerly_smoked,1
Female,60,1,0,Yes,Self-employed,140.734081345693,29.4,never_smoked,0
Male,42,0,0,Yes,Private,99.2,28.3,formerly_smoked,0
Male,71,0,1,Yes,Self-employed,173.20576563624067,33.2,formerly_smoked,1
Male,44,0,0,No,Private,139.0,32.4,never_smoked,0
Male,45,0,0,Yes,Self-employed,60.0,30.6,never_smoked,0
Male,71,0,0,Yes,Govt_job,129.7000811896099,20.7,formerly_smoked,0
Female,29,0,0,No,Govt_job,114.1,27.6,never_smoked,0
Male,31,0,0,Yes,Self-employed,112.9,24.3,formerly_smoked,0
Female,31,1,0,Yes,Govt_job,143.17335654514721,23.6,smokes,0
Male,47,0,0,Yes,Self-employed,168.2,26.1,never_smoked,0
Female,47,0,0,Yes,Govt_job,91.7,32.1,never_smoked,0
Male,68,0,0,Yes,Govt_job,118.66162472483268,36.8,formerly_smoked,0
Female,50,1,0,Yes,Govt_job,106.77353438101966,42.1,never_smoked,1
Male,76,0,0,Yes,Self-employed,178.67325756998451,31.1,smokes,0
Female,47,0,0,Yes,Govt_job,119.2,26.0,smokes,1
Female,69,1,0,Yes,Self-employed,146.07482990144047,23.7,formerly_smoked,1
Female,64,1,1,Yes,Self-employed,141.14090011679957,23.1,smokes,1
Male,61,1,0,Yes,Govt_job,110.77554755789362,34.6,never_smoked,1
Male,42,0,0,Yes,Self-employed,129.8,42.2,smokes,0
Male,53,1,0,Yes,Private,83.77400761335286,38.0,formerly_smoked,0
Male,75,1,1,Yes,Self-employed,105.30960847564045,31.5,smokes,1
Male,33,0,0,Yes,Private,126.6,33.5,never_smoked,0
Male,73,0,1,Yes,Govt_job,136.93795892002993,33.1,never_smoked,0
Female,54,0,0,Yes,Govt_job,126.9,31.1,formerly_smoked,1
Female,38,0,0,Yes,Self-employed,92.3,29.1,never_smoked,0
Female,82,1,1,Yes,Self-employed,150.6999159802196,21.8,formerly_smoked,1
Female,67,0,0,Yes,Govt_job,118.8555103393837,25.3,formerly_smoked,0
Female,25,1,0,No,Private,145.96840602377128,22.0,never_smoked,0
Female,74,0,0,Yes,Private,133.3234964937194,26.6,smokes,0
Female,64,0,1,Yes,Private,151.18166224535636,32.5,smokes,0
Male,60,0,0,No,Private,129.3,29.9,smokes,0
Male,75,0,0,Yes,Self-employed,159.53090843530006,29.6,smokes,0
Female,74,1,1,Yes,Private,135.93146896521228,25.6,never_smoked,1
Male,42,1,1,No,Private,121.29672393378462,32.8,smokes,1
Female,71,0,1,No,Private,146.0823873657793,30.5,never_smoked,1
Male,69,1,0,Yes,Govt_job,123.83371939810964,32.8,never_smoked,1
Male,56,0,0,Yes,Self-employed,91.0,31.2,formerly_smoked,0
Male,27,0,0,No,Private,68.3,33.8,formerly_smoked,0
Male,60,0,0,Yes,Private,136.5,36.3,never_smoked,1
Male,36,0,0,Yes,Private,63.5,18.0,never_smoked,0
Female,25,0,0,No,Self-employed,161.2,24.3,smokes,0
Male,71,0,1,Yes,Self-employed,124.18722020688521,41.7,formerly_smoked,1
Male,51,1,0,Yes,Private,134.57475922222244,29.7,formerly_smoked,0
Male,43,0,0,Yes,Self-employed,130.4,27.9,smokes,0
Male,74,0,1,Yes,Self-employed,112.71010246149515,27.6,never_smoked,0
Male,35,0,0,Yes,Govt_job,111.8,32.8,smokes,0
Female,50,0,0,Yes,Self-employed,64.5,26.5,formerly_smoked,0
Female,31,0,0,Yes,Private,87.2,32.1,formerly_smoked,0
Male,26,0,0,No,Private,101.7,26.7,smokes,0
Male,61,0,0,Yes,Self-employed,60.0,27.8,formerly_smoked,0
Male,66,1,0,Yes,Self-employed,123.23957548674895,29.2,never_smoked,0
Male,49,0,0,Yes,Govt_job,86.5,26.0,never_smoked,1
Male,26,0,0,No,Self-employed,135.1,25.0,formerly_smoked,0
Male,31,0,0,Yes,Govt_job,128.7,20.3,smokes,0
Female,62,1,0,Yes,Govt_job,178.16670302981953,29.6,formerly_smoked,0
Female,64,1,1,Yes,Self-employed,186.05769640404125,27.3,formerly_smoked,1
Male,35,0,0,Yes,Govt_job,114.3,21.6,never_smoked,0
Female,71,0,0,No,Govt_job,133.74650735580286,36.7,never_smoked,0
Male,56,1,0,No,Private,176.39960545653466,27.8,smokes,1
Male,47,0,0,Yes,Private,83.0,28.4,formerly_smoked,0
Male,78,0,0,Yes,Private,133.0498639430236,23.7,never_smoked,0
Male,46,0,0,Yes,Self-employed,86.3,35.8,smokes,0
Female,67,1,1,Yes,Govt_job,151.5248676368182,27.4,smokes,1
Female,37,1,0,Yes,Private,157.5240204552437,28.2,never_smoked,1
Female,36,0,0,Yes,Private,63.2,18.0,never_smoked,0
Male,73,1,0,Yes,Govt_job,161.8521564459612,26.7,formerly_smoked,0
Female,61,0,1,No,Govt_job,145.11351010162056,33.3,formerly_smoked,1
Female,36,0,0,Yes,Private,71.6,37.4,formerly_smoked,0
Male,78,0,0,Yes,Private,152.19872541938742,30.9,never_smoked,1
Female,32,0,0,Yes,Govt_job,155.0,22.7,smokes,0
Female,81,0,0,Yes,Private,124.7596579225688,30.6,formerly_smoked,0
Female,69,1,0,No,Private,151.81039959553925,28.2,never_smoked,1
Male,33,0,0,Yes,Self-employed,134.8,20.9,never_smoked,0
Female,72,0,0,Yes,Private,104.3694946305118,23.8,formerly_smoked,0
Male,42,0,0,Yes,Self-employed,79.0,18.0,smokes,0
Female,47,0,0,No,Govt_job,123.3,24.8,smokes,0
Female,57,1,0,Yes,Private,111.99014904174052,36.0,smokes,1
Female,79,1,0,Yes,Govt_job,154.38288139604526,30.1,never_smoked,1
Male,55,1,0,Yes,Self-employed,145.11880756738952,25.7,never_smoked,0
Female,67,1,1,Yes,Self-employed,110.34824763016375,29.4,never_smoked,0
Male,68,0,0,Yes,Govt_job,146.62809191438126,23.3,never_smoked,0
Male,68,0,1,Yes,Self-employed,150.01677706217112,18.0,never_smoked,0
Male,55,0,0,No,Self-employed,94.0,32.7,smokes,0
Female,61,0,1,No,Private,123.60472799690382,18.7,formerly_smoked,1
Male,56,0,1,Yes,Self-employed,113.14007412740409,29.8,never_smoked,0
Female,73,0,0,Yes,Private,139.0679240128491,25.6,formerly_smoked,0
Male,44,0,0,Yes,Govt_job,107.2,30.7,smokes,0
Female,47,0,0,Yes,Self-employed,60.0,29.6,formerly_smoked,0
Male,49,0,0,Yes,Govt_job,129.1,27.1,smokes,0
Female,69,1,0,Yes,Govt_job,149.66903010772012,23.4,formerly_smoked,1
Female,78,0,0,Yes,Private,147.7937303395563,38.9,smokes,1
Male,74,0,1,Yes,Private,123.24105426836172,21.8,never_smoked,0
Female,52,1,0,Yes,Private,158.13582852133686,34.9,smokes,0
Female,77,1,1,Yes,Self-employed,190.0473503291381,21.4,never_smoked,1
Male,69,0,0,Yes,Govt_job,173.83781681611907,26.6,never_smoked,1
Male,55,0,0,Yes,Private,87.1,35.0,formerly_smoked,0
Male,67,0,0,Yes,Self-employed,162.41131931758574,30.2,smokes,0
Male,25,0,0,No,Private,104.4,20.5,smokes,0
Male,30,0,0,No,Govt_job,62.7,27.5,never_smoked,0
Male,75,0,0,Yes,Private,119.28754343188943,27.4,smokes,0
Female,70,0,1,Yes,Private,100.9330105036302,24.0,formerly_smoked,0
Male,82,1,1,Yes,Govt_job,73.6263020159481,35.8,never_smoked,1
Male,70,1,1,Yes,Govt_job,129.8259272846511,33.9,smokes,1
Female,57,0,0,Yes,Private,90.5,36.4,formerly_smoked,0
Male,42,0,0,Yes,Self-employed,123.2,37.8,never_smoked,0
Female,70,0,1,Yes,Govt_job,83.95538479350354,21.3,never_smoked,0
Male,73,0,0,Yes,Self-employed,208.97783940676092,28.7,smokes,1
Male,37,0,0,Yes,Self-employed,60.0,31.3,smokes,0
Male,47,0,0,Yes,Govt_job,109.1,31.0,smokes,0
Female,69,0,0,No,Govt_job,161.7654988395255,35.2,never_smoked,1
Female,73,0,1,Yes,Private,134.91902698915627,25.4,never_smoked,1
Female,25,0,0,No,Govt_job,127.0,36.7,formerly_smoked,0
Female,29,0,0,No,Self-employed,87.3,19.5,smokes,0
Female,30,0,0,No,Private,91.5,18.0,smokes,0
Male,32,0,0,Yes,Govt_job,133.5,22.5,smokes,1
Female,59,1,0,Yes,Govt_job,138.54584587943086,26.5,never_smoked,1
Male,65,1,0,No,Self-employed,103.96361479764226,30.8,formerly_smoked,1
Male,75,1,1,Yes,Self-employed,117.39075103917813,29.5,never_smoked,0
Male,69,0,0,Yes,Govt_job,155.40072639234575,21.6,never_smoked,1
Male,59,1,0,Yes,Self-employed,90.62506749153854,39.7,smokes,0
Male,60,0,1,Yes,Self-employed,129.0015867207117,37.6,smokes,1
Male,35,0,0,Yes,Self-employed,60.0,29.2,formerly_smoked,0
Female,66,0,1,Yes,Govt_job,122.84645439787855,30.3,smokes,0
Male,45,0,0,Yes,Govt_job,116.7,32.1,never_smoked,0
Male,25,0,0,No,Private,126.9,32.5,smokes,0
Female,54,0,0,Yes,Private,113.2,18.0,formerly_smoked,0
Male,41,0,0,Yes,Govt_job,141.2,32.0,formerly_smoked,0
Male,60,1,0,Yes,Private,86.68802264330391,32.7,never_smoked,0
Male,50,0,0,Yes,Private,144.0,24.1,smokes,0
Male,72,0,1,Yes,Private,124.25756800028103,29.4,formerly_smoked,0
Female,81,1,0,Yes,Govt_job,98.5154944933935,31.0,smokes,0
Male,58,1,0,Yes,Self-employed,131.43623819428913,25.8,never_smoked,1
Male,67,1,0,Yes,Self-employed,127.20094989185763,29.4,never_smoked,0
Male,82,1,1,No,Govt_job,200.1392294634309,21.1,smokes,1
Female,35,0,0,Yes,Private,125.2,30.7,smokes,0
Female,54,1,0,Yes,Private,153.43103493596502,37.0,formerly_smoked,1
Male,81,0,1,Yes,Private,150.13204521869207,31.7,smokes,1
Male,69,0,0,Yes,Self-employed,160.54617681142474,30.7,never_smoked,1
Female,74,1,0,No,Self-employed,88.68267446915374,29.4,never_smoked,1
Male,69,0,1,Yes,Govt_job,110.44010712928565,27.2,never_smoked,0
Female,36,0,0,Yes,Self-employed,122.7,27.3,never_smoked,0
Male,72,1,0,Yes,Govt_job,212.3207610108832,30.5,never_smoked,1
Male,76,1,1,No,Self-employed,93.60119210087409,20.8,formerly_smoked,0
Female,70,1,1,Yes,Private,144.71878336061127,28.9,formerly_smoked,0
Male,48,0,0,Yes,Private,92.5,30.3,formerly_smoked,0
Male,30,0,0,No,Govt_job,137.8,35.1,smokes,0
Male,54,0,0,Yes,Self-employed,117.6,40.0,smokes,0
Female,68,0,1,Yes,Private,141.27192082086785,38.2,never_smoked,1
Female,40,0,0,Yes,Govt_job,103.1,34.1,never_smoked,0
Male,56,0,1,Yes,Private,90.09635477964315,28.4,formerly_smoked,0
Male,79,0,0,No,Govt_job,117.18020489017673,25.6,never_smoked,0
Male,58,0,0,Yes,Self-employed,131.2,20.4,smokes,0
Male,25,0,0,No,Self-employed,72.8,33.1,smokes,0
Female,55,0,0,Yes,Self-employed,88.2,26.2,formerly_smoked,0
Male,61,0,0,Yes,Govt_job,166.80112374703913,33.2,never_smoked,1
Female,56,1,0,Yes,Self-employed,113.53503557615934,25.1,never_smoked,1
Female,55,1,0,Yes,Self-employed,145.92420829381837,27.1,smokes,0
Male,61,0,1,Yes,Self-employed,159.49578494286465,35.0,never_smoked,1
Male,80,1,0,Yes,Govt_job,107.00634725086684,25.6,never_smoked,0
Female,81,0,0,Yes,Self-employed,102.34941030005454,38.5,never_smoked,0
Female,31,1,0,Yes,Private,179.18041194153977,18.0,formerly_smoked,1
Female,44,0,0,Yes,Self-employed,64.4,18.0,smokes,0
Female,80,0,0,No,Govt_job,97.6314256792318,31.7,smokes,0
Female,47,0,0,Yes,Private,88.2,29.5,never_smoked,0
Female,55,0,0,Yes,Self-employed,60.6,25.7,never_smoked,1
Female,37,0,0,Yes,Self-employed,60.0,26.7,formerly_smoked,0
Female,65,1,0,Yes,Govt_job,101.16425947297111,22.4,never_smoked,1
Female,32,0,0,Yes,Self-employed,112.8,28.9,smokes,1
Female,33,0,0,Yes,Private,69.5,26.1,formerly_smoked,0
Female,54,1,1,Yes,Private,116.49575851637425,24.3,formerly_smoked,1
Male,49,0,0,Yes,Govt_job,60.0,18.0,formerly_smoked,0
Female,68,0,1,Yes,Govt_job,140.5556003612607,33.3,smokes,1
Female,45,1,0,Yes,Self-employed,165.68636851794838,27.0,formerly_smoked,1
Male,68,0,0,Yes,Private,168.6439873309564,23.5,never_smoked,0
Female,76,0,1,Yes,Govt_job,160.38202230417082,28.3,formerly_smoked,0
Female,71,0,0,No,Private,147.48255654499292,29.3,formerly_smoked,0
Female,71,1,1,No,Govt_job,139.11489471024794,32.6,formerly_smoked,0
Male,64,1,0,Yes,Govt_job,95.95451449699972,30.9,formerly_smoked,0
Female,28,0,0,No,Govt_job,75.5,38.2,smokes,0
Female,75,0,0,Yes,Private,107.88455819572192,23.2,never_smoked,0
Male,58,0,0,Yes,Govt_job,159.2,30.9,never_smoked,0
Female,81,1,0,Yes,Govt_job,152.40559908576103,37.7,formerly_smoked,0
Female,51,0,0,Yes,Govt_job,109.1,27.6,formerly_smoked,0
Female,63,1,1,No,Private,106.60043718734067,28.8,never_smoked,0
Male,27,0,0,No,Private,87.7,23.7,formerly_smoked,0
Male,71,1,0,Yes,Govt_job,180.3569360767874,20.9,smokes,0
Male,74,1,0,Yes,Self-employed,164.18337549481052,29.6,formerly_smoked,0
Female,28,0,0,No,Private,107.4,28.5,never_smoked,0
Female,53,0,0,Yes,Self-employed,122.3,25.3,never_smoked,0
Female,41,1,0,Yes,Private,130.65956410741398,30.2,formerly_smoked,0
Male,40,1,0,Yes,Govt_job,96.95802933312383,23.6,formerly_smoked,0
Female,35,0,0,Yes,Self-employed,125.5,23.1,smokes,0
Male,72,1,0,No,Self-employed,87.95354150162522,28.1,formerly_smoked,0
Male,38,0,0,Yes,Govt_job,135.3,18.0,never_smoked,0
Female,35,1,0,Yes,Self-employed,89.09793377264853,33.4,formerly_smoked,0
Female,80,1,0,Yes,Self-employed,64.6468193548964,22.0,smokes,0
Male,27,0,0,No,Govt_job,90.9,23.1,never_smoked,0
Female,40,0,0,No,Self-employed,158.4,25.8,formerly_smoked,0
Male,30,0,0,No,Govt_job,120.5,24.8,smokes,0
Female,63,1,0,Yes,Govt_job,102.41416450505616,24.3,smokes,0
Male,36,0,0,No,Govt_job,97.5,19.6,formerly_smoked,0
Female,34,0,0,Yes,Private,139.8,23.0,formerly_smoked,0
Male,39,0,0,Yes,Govt_job,100.4,23.2,never_smoked,0
Male,37,0,0,Yes,Private,134.8,30.7,never_smoked,0
Male,53,0,0,Yes,Self-employed,88.3,34.8,formerly_smoked,0
Female,64,0,0,Yes,Govt_job,146.7103030497805,28.8,formerly_smoked,0
Female,58,0,1,Yes,Self-employed,134.99402837731677,19.0,never_smoked,1
Female,30,0,0,No,Private,116.7,26.9,formerly_smoked,0
Male,81,0,0,No,Private,154.38680129559305,30.0,smokes,0
Male,49,0,0,Yes,Private,114.9,18.0,never_smoked,0
Female,71,0,0,Yes,Private,137.83951793075417,28.4,formerly_smoked,0
Female,51,0,0,Yes,Govt_job,118.9,18.1,never_smoked,1
Male,67,0,0,Yes,Private,108.2954044807633,30.2,never_smoked,0
Female,27,1,0,No,Self-employed,213.49928890253702,20.0,never_smoked,1
Female,46,0,0,Yes,Govt_job,111.5,34.9,formerly_smoked,0
Female,71,0,0,Yes,Govt_job,109.59732439976634,39.9,never_smoked,0
Female,56,0,1,Yes,Private,107.20197659684547,31.6,formerly_smoked,0
Female,51,1,0,Yes,Private,150.9325256653567,22.1,formerly_smoked,0
Male,32,0,0,Yes,Govt_job,111.1,23.5,smokes,0
Female,55,0,0,Yes,Govt_job,148.6,20.6,never_smoked,0
Male,78,0,0,Yes,Private,153.48559353233043,25.8,formerly_smoked,0
Male,61,0,1,Yes,Self-employed,191.6449224979884,20.7,smokes,1
Female,36,0,0,Yes,Private,102.0,28.1,formerly_smoked,0
Female,71,0,0,Yes,Private,152.237118967597,27.0,smokes,0
Male,44,0,0,Yes,Govt_job,60.0,35.9,formerly_smoked,0
Male,37,0,0,Yes,Self-employed,81.9,31.1,smokes,0
Female,60,1,1,Yes,Self-employed,124.29788650547931,25.5,smokes,1
Female,82,0,1,Yes,Private,157.18523211407472,33.8,smokes,1
Male,70,0,1,No,Self-employed,174.26752512240222,35.1,smokes,1
