PatientID,AgeGroup,Gender,Hypertension,HighCholesterol,Smoking,Obesity,PhysicalInactivity,FamilyHistory,ChestPain,ShortnessOfBreath,CardiacEvent
P-1001,Young_Adult,Male,No,No,Smoker,Normal_Weight,Sedentary,No,Yes,No,High_Risk
P-1002,Middle_Aged,Male,No,No,Non_Smoker,Normal_Weight,Active,No,Yes,Yes,Low_Risk
P-1003,Senior,Female,No,Yes,Non_Smoker,Overweight,Active,Yes,No,Yes,High_Risk
P-1004,Young_Adult,Male,No,No,Non_Smoker,Overweight,Active,No,No,No,Low_Risk
P-1005,Senior,Female,Yes,No,Non_Smoker,Normal_Weight,Active,Yes,No,No,Low_Risk
P-1006,Middle_Aged,Female,Yes,No,Smoker,Normal_Weight,Sedentary,No,No,No,Low_Risk
P-1007,Middle_Aged,Female,No,No,Non_Smoker,Normal_Weight,Active,Yes,No,No,Low_Risk
P-1008,Senior,Female,No,No,Non_Smoker,Overweight,Active,No,No,No,High_Risk
P-1009,Senior,Male,Yes,No,Non_Smoker,Normal_Weight,Sedentary,Yes,No,No,Low_Risk
P-1010,Senior,Female,Yes,No,Non_Smoker,Overweight,Sedentary,No,No,No,High_Risk
P-1011,Senior,Male,Yes,Yes,Smoker,Overweight,Active,No,No,Yes,High_Risk
P-1012,Middle_Aged,Female,No,No,Non_Smoker,Overweight,Active,No,No,No,Low_Risk
P-1013,Middle_Aged,Male,No,No,Smoker,Overweight,Active,No,Yes,No,Low_Risk
P-1014,Senior,Male,No,No,Smoker,Overweight,Active,No,No,No,Low_Risk
P-1015,Middle_Aged,Male,Yes,No,Non_Smoker,Overweight,Active,No,No,No,Low_Risk
P-1016,Middle_Aged,Male,No,No,Non_Smoker,Overweight,Active,No,No,No,High_Risk
P-1017,Senior,Female,No,No,Smoker,Overweight,Sedentary,Yes,No,No,Low_Risk
P-1018,Middle_Aged,Male,Yes,Yes,Non_Smoker,Normal_Weight,Active,Yes,Yes,No,High_Risk
P-1019,Senior,Male,No,Yes,Smoker,Obese,Sedentary,Yes,Yes,Yes,High_Risk
P-1020,Senior,Male,No,No,Non_Smoker,Obese,Sedentary,No,No,No,Low_Risk
P-1021,Young_Adult,Female,Yes,Yes,Non_Smoker,Normal_Weight,Active,No,Yes,No,Low_Risk
P-1022,Young_Adult,Female,No,Yes,Non_Smoker,Normal_Weight,Active,No,No,No,Low_Risk
P-1023,Young_Adult,Female,No,No,Non_Smoker,Obese,Sedentary,Yes,No,Yes,Low_Risk
P-1024,Middle_Aged,Male,No,No,Smoker,Normal_Weight,Active,Yes,No,No,Low_Risk
P-1025,Young_Adult,Male,No,No,Non_Smoker,Overweight,Sedentary,Yes,No,Yes,Low_Risk
P-1026,Senior,Male,No,No,Non_Smoker,Normal_Weight,Active,Yes,No,No,Low_Risk
P-1027,Senior,Male,No,Yes,Non_Smoker,Obese,Sedentary,No,No,Yes,High_Risk
P-1028,Senior,Female,Yes,No,Smoker,Normal_Weight,Sedentary,No,Yes,No,High_Risk
P-1029,Young_Adult,Male,No,Yes,Non_Smoker,Normal_Weight,Active,Yes,No,No,Low_Risk
P-1030,Young_Adult,Male,Yes,No,Non_Smoker,Normal_Weight,Active,No,Yes,Yes,High_Risk
P-1031,Young_Adult,Female,No,No,Non_Smoker,Obese,Sedentary,No,No,No,Low_Risk
P-1032,Senior,Male,Yes,No,Non_Smoker,Overweight,Active,No,No,No,High_Risk
P-1033,Middle_Aged,Male,No,No,Non_Smoker,Obese,Sedentary,No,No,Yes,Low_Risk
P-1034,Senior,Male,Yes,Yes,Smoker,Overweight,Active,No,Yes,Yes,High_Risk
P-1035,Young_Adult,Male,No,Yes,Non_Smoker,Normal_Weight,Active,No,No,No,High_Risk
P-1036,Young_Adult,Male,No,Yes,Non_Smoker,Overweight,Active,No,No,No,Low_Risk
P-1037,Young_Adult,Male,No,Yes,Non_Smoker,Overweight,Sedentary,No,Yes,No,Low_Risk
P-1038,Senior,Male,Yes,Yes,Non_Smoker,Obese,Sedentary,Yes,Yes,No,High_Risk
P-1039,Senior,Female,Yes,No,Non_Smoker,Overweight,Sedentary,No,No,No,Low_Risk
P-1040,Young_Adult,Male,No,No,Smoker,Normal_Weight,Active,No,No,No,Low_Risk
P-1041,Young_Adult,Male,No,No,Non_Smoker,Normal_Weight,Active,Yes,Yes,No,Low_Risk
P-1042,Middle_Aged,Female,No,No,Non_Smoker,Overweight,Sedentary,No,No,No,Low_Risk
P-1043,Middle_Aged,Male,No,No,Non_Smoker,Normal_Weight,Active,Yes,No,No,Low_Risk
P-1044,Senior,Male,No,No,Non_Smoker,Overweight,Active,No,No,Yes,High_Risk
P-1045,Young_Adult,Female,No,Yes,Non_Smoker,Normal_Weight,Sedentary,Yes,No,No,Low_Risk
P-1046,Middle_Aged,Male,No,No,Smoker,Obese,Sedentary,No,Yes,No,Low_Risk
P-1047,Middle_Aged,Female,No,No,Non_Smoker,Normal_Weight,Sedentary,Yes,No,No,Low_Risk
P-1048,Senior,Male,Yes,Yes,Non_Smoker,Normal_Weight,Active,No,Yes,Yes,High_Risk
P-1049,Middle_Aged,Female,Yes,Yes,Non_Smoker,Normal_Weight,Sedentary,No,Yes,Yes,High_Risk
P-1050,Senior,Male,No,No,Non_Smoker,Normal_Weight,Active,No,Yes,No,Low_Risk
P-1051,Senior,Female,No,Yes,Non_Smoker,Overweight,Sedentary,Yes,No,No,Low_Risk
P-1052,Young_Adult,Male,No,Yes,Non_Smoker,Overweight,Active,No,No,No,Low_Risk
P-1053,Young_Adult,Female,No,No,Smoker,Overweight,Active,Yes,Yes,No,High_Risk
P-1054,Middle_Aged,Female,Yes,Yes,Non_Smoker,Overweight,Active,No,Yes,No,High_Risk
P-1055,Senior,Female,No,Yes,Non_Smoker,Normal_Weight,Active,No,No,No,Low_Risk
P-1056,Middle_Aged,Male,No,Yes,Non_Smoker,Overweight,Sedentary,No,No,No,High_Risk
P-1057,Middle_Aged,Male,No,Yes,Non_Smoker,Normal_Weight,Active,Yes,No,No,High_Risk
P-1058,Middle_Aged,Male,No,No,Non_Smoker,Obese,Sedentary,No,No,Yes,Low_Risk
P-1059,Middle_Aged,Male,No,No,Non_Smoker,Obese,Sedentary,No,No,No,Low_Risk
P-1060,Senior,Male,Yes,No,Smoker,Normal_Weight,Sedentary,No,Yes,Yes,High_Risk
P-1061,Young_Adult,Male,No,No,Non_Smoker,Normal_Weight,Active,No,Yes,Yes,High_Risk
P-1062,Middle_Aged,Female,Yes,Yes,Non_Smoker,Obese,Sedentary,No,Yes,No,High_Risk
P-1063,Senior,Female,No,No,Non_Smoker,Overweight,Sedentary,Yes,No,Yes,High_Risk
P-1064,Middle_Aged,Female,No,Yes,Non_Smoker,Overweight,Sedentary,No,No,No,Low_Risk
P-1065,Senior,Male,Yes,Yes,Non_Smoker,Overweight,Active,No,Yes,No,High_Risk
P-1066,Senior,Male,Yes,No,Smoker,Normal_Weight,Active,No,No,Yes,High_Risk
P-1067,Middle_Aged,Male,No,No,Non_Smoker,Overweight,Sedentary,No,No,No,Low_Risk
P-1068,Middle_Aged,Female,Yes,Yes,Non_Smoker,Normal_Weight,Active,Yes,Yes,No,High_Risk
P-1069,Middle_Aged,Female,Yes,No,Non_Smoker,Normal_Weight,Active,Yes,Yes,Yes,High_Risk
P-1070,Middle_Aged,Male,No,No,Non_Smoker,Overweight,Active,Yes,No,No,Low_Risk
P-1071,Middle_Aged,Female,No,No,Non_Smoker,Obese,Sedentary,No,Yes,No,Low_Risk
P-1072,Senior,Female,Yes,No,Non_Smoker,Overweight,Active,Yes,No,Yes,High_Risk
P-1073,Middle_Aged,Female,Yes,No,Non_Smoker,Normal_Weight,Active,No,No,No,Low_Risk
P-1074,Senior,Male,Yes,No,Non_Smoker,Overweight,Active,Yes,No,No,Low_Risk
P-1075,Young_Adult,Male,No,No,Non_Smoker,Overweight,Sedentary,No,No,Yes,Low_Risk
P-1076,Middle_Aged,Male,Yes,Yes,Non_Smoker,Normal_Weight,Active,No,Yes,No,High_Risk
P-1077,Middle_Aged,Male,No,No,Smoker,Normal_Weight,Active,Yes,No,No,Low_Risk
P-1078,Young_Adult,Female,No,No,Non_Smoker,Normal_Weight,Active,No,No,No,Low_Risk
P-1079,Young_Adult,Male,No,No,Non_Smoker,Overweight,Sedentary,No,No,Yes,Low_Risk
P-1080,Senior,Male,Yes,Yes,Non_Smoker,Overweight,Active,Yes,Yes,Yes,High_Risk
P-1081,Senior,Male,Yes,No,Smoker,Normal_Weight,Sedentary,Yes,No,Yes,High_Risk
P-1082,Senior,Female,Yes,Yes,Non_Smoker,Normal_Weight,Sedentary,No,No,No,High_Risk
P-1083,Senior,Female,No,No,Smoker,Obese,Sedentary,No,Yes,Yes,High_Risk
P-1084,Middle_Aged,Male,No,No,Smoker,Normal_Weight,Sedentary,Yes,Yes,No,Low_Risk
P-1085,Young_Adult,Female,Yes,Yes,Non_Smoker,Normal_Weight,Active,No,No,No,Low_Risk
P-1086,Middle_Aged,Male,Yes,No,Smoker,Normal_Weight,Sedentary,Yes,No,No,Low_Risk
P-1087,Young_Adult,Male,No,No,Non_Smoker,Overweight,Sedentary,No,Yes,No,Low_Risk
P-1088,Middle_Aged,Male,No,No,Non_Smoker,Overweight,Active,No,No,No,Low_Risk
P-1089,Young_Adult,Female,Yes,Yes,Non_Smoker,Normal_Weight,Active,No,Yes,Yes,Low_Risk
P-1090,Young_Adult,Male,No,No,Non_Smoker,Normal_Weight,Sedentary,No,No,No,Low_Risk
P-1091,Middle_Aged,Male,Yes,Yes,Non_Smoker,Normal_Weight,Active,No,Yes,No,High_Risk
P-1092,Middle_Aged,Female,Yes,No,Non_Smoker,Normal_Weight,Active,No,No,No,Low_Risk
P-1093,Middle_Aged,Female,No,No,Non_Smoker,Overweight,Sedentary,No,Yes,Yes,High_Risk
P-1094,Senior,Male,Yes,Yes,Smoker,Overweight,Active,No,No,Yes,High_Risk
P-1095,Young_Adult,Male,No,No,Non_Smoker,Overweight,Sedentary,No,No,No,Low_Risk
P-1096,Middle_Aged,Male,No,Yes,Non_Smoker,Obese,Sedentary,No,No,Yes,Low_Risk
P-1097,Young_Adult,Female,No,Yes,Non_Smoker,Normal_Weight,Sedentary,No,No,No,Low_Risk
P-1098,Middle_Aged,Female,No,No,Non_Smoker,Normal_Weight,Active,No,No,No,Low_Risk
P-1099,Middle_Aged,Male,No,Yes,Non_Smoker,Obese,Sedentary,No,No,No,Low_Risk
P-1100,Middle_Aged,Female,No,Yes,Smoker,Normal_Weight,Sedentary,Yes,No,No,High_Risk
P-1101,Young_Adult,Female,Yes,No,Non_Smoker,Overweight,Active,Yes,No,Yes,High_Risk
P-1102,Middle_Aged,Female,No,No,Smoker,Overweight,Sedentary,No,No,No,Low_Risk
P-1103,Middle_Aged,Female,Yes,No,Non_Smoker,Normal_Weight,Active,Yes,No,No,Low_Risk
P-1104,Senior,Male,No,No,Non_Smoker,Normal_Weight,Active,No,No,No,High_Risk
P-1105,Senior,Female,Yes,No,Smoker,Overweight,Active,No,No,No,High_Risk
P-1106,Senior,Male,No,Yes,Non_Smoker,Overweight,Active,No,No,No,Low_Risk
P-1107,Middle_Aged,Male,No,No,Smoker,Normal_Weight,Active,Yes,No,No,Low_Risk
P-1108,Young_Adult,Male,No,No,Non_Smoker,Normal_Weight,Active,Yes,No,Yes,High_Risk
P-1109,Senior,Female,Yes,No,Non_Smoker,Overweight,Sedentary,Yes,Yes,Yes,High_Risk
P-1110,Middle_Aged,Male,No,Yes,Non_Smoker,Obese,Sedentary,Yes,No,Yes,High_Risk
P-1111,Young_Adult,Female,No,No,Non_Smoker,Normal_Weight,Active,No,No,No,Low_Risk
P-1112,Young_Adult,Female,No,Yes,Non_Smoker,Obese,Sedentary,Yes,No,No,Low_Risk
P-1113,Senior,Female,Yes,Yes,Smoker,Normal_Weight,Active,No,Yes,Yes,High_Risk
P-1114,Young_Adult,Female,No,Yes,Smoker,Obese,Sedentary,Yes,No,Yes,High_Risk
P-1115,Middle_Aged,Male,No,No,Non_Smoker,Overweight,Active,Yes,No,No,Low_Risk
P-1116,Middle_Aged,Male,No,Yes,Non_Smoker,Normal_Weight,Active,No,No,No,Low_Risk
P-1117,Senior,Female,Yes,No,Non_Smoker,Overweight,Active,No,No,Yes,Low_Risk
P-1118,Senior,Female,Yes,Yes,Non_Smoker,Overweight,Active,No,No,No,High_Risk
P-1119,Middle_Aged,Female,No,Yes,Smoker,Overweight,Active,No,Yes,Yes,High_Risk
P-1120,Middle_Aged,Male,Yes,Yes,Non_Smoker,Obese,Sedentary,No,Yes,No,High_Risk
P-1121,Senior,Female,Yes,No,Smoker,Overweight,Active,No,Yes,Yes,High_Risk
P-1122,Senior,Male,Yes,Yes,Non_Smoker,Overweight,Sedentary,Yes,Yes,Yes,Low_Risk
P-1123,Young_Adult,Female,No,Yes,Non_Smoker,Normal_Weight,Active,Yes,No,No,Low_Risk
P-1124,Senior,Female,Yes,No,Smoker,Obese,Sedentary,No,Yes,Yes,High_Risk
P-1125,Senior,Male,No,Yes,Non_Smoker,Overweight,Active,Yes,No,No,Low_Risk
P-1126,Senior,Female,No,No,Smoker,Overweight,Active,No,Yes,Yes,High_Risk
P-1127,Middle_Aged,Female,Yes,No,Smoker,Obese,Sedentary,No,Yes,No,High_Risk
P-1128,Senior,Male,Yes,No,Non_Smoker,Obese,Sedentary,No,Yes,No,High_Risk
P-1129,Young_Adult,Male,No,No,Non_Smoker,Normal_Weight,Sedentary,No,Yes,Yes,High_Risk
P-1130,Young_Adult,Female,No,No,Non_Smoker,Obese,Sedentary,No,No,Yes,Low_Risk
P-1131,Senior,Female,No,Yes,Non_Smoker,Overweight,Active,No,No,No,High_Risk
P-1132,Young_Adult,Female,No,No,Non_Smoker,Obese,Sedentary,No,Yes,Yes,Low_Risk
P-1133,Middle_Aged,Female,Yes,No,Smoker,Normal_Weight,Sedentary,Yes,No,No,Low_Risk
P-1134,Middle_Aged,Male,No,No,Non_Smoker,Overweight,Active,Yes,No,No,Low_Risk
P-1135,Young_Adult,Male,No,No,Non_Smoker,Obese,Sedentary,Yes,Yes,No,Low_Risk
P-1136,Middle_Aged,Female,No,Yes,Non_Smoker,Overweight,Active,Yes,No,No,Low_Risk
P-1137,Middle_Aged,Male,No,No,Non_Smoker,Obese,Sedentary,No,No,No,Low_Risk
P-1138,Middle_Aged,Male,No,No,Smoker,Obese,Sedentary,Yes,No,Yes,Low_Risk
P-1139,Middle_Aged,Male,Yes,No,Non_Smoker,Obese,Sedentary,No,No,Yes,High_Risk
P-1140,Middle_Aged,Male,No,No,Non_Smoker,Overweight,Active,No,No,No,Low_Risk
P-1141,Middle_Aged,Male,No,No,Non_Smoker,Overweight,Active,No,No,No,Low_Risk
P-1142,Middle_Aged,Male,No,No,Smoker,Normal_Weight,Active,No,No,No,High_Risk
P-1143,Young_Adult,Male,No,No,Non_Smoker,Overweight,Active,No,No,No,Low_Risk
P-1144,Young_Adult,Female,No,Yes,Non_Smoker,Normal_Weight,Active,Yes,No,No,Low_Risk
P-1145,Middle_Aged,Female,Yes,No,Non_Smoker,Normal_Weight,Sedentary,No,No,No,Low_Risk
P-1146,Young_Adult,Female,Yes,Yes,Non_Smoker,Overweight,Active,No,No,No,Low_Risk
P-1147,Senior,Female,No,No,Non_Smoker,Obese,Sedentary,Yes,Yes,Yes,Low_Risk
P-1148,Middle_Aged,Male,No,Yes,Non_Smoker,Overweight,Active,No,No,No,Low_Risk
P-1149,Middle_Aged,Female,No,Yes,Non_Smoker,Overweight,Active,No,Yes,Yes,High_Risk
P-1150,Middle_Aged,Female,Yes,Yes,Non_Smoker,Overweight,Active,No,No,No,Low_Risk
P-1151,Middle_Aged,Female,No,No,Non_Smoker,Obese,Sedentary,No,No,Yes,High_Risk
P-1152,Young_Adult,Female,No,No,Non_Smoker,Obese,Sedentary,Yes,No,No,Low_Risk
P-1153,Middle_Aged,Male,Yes,Yes,Non_Smoker,Normal_Weight,Sedentary,No,Yes,No,Low_Risk
P-1154,Middle_Aged,Male,No,No,Non_Smoker,Overweight,Active,No,No,No,Low_Risk
P-1155,Young_Adult,Male,No,No,Non_Smoker,Normal_Weight,Sedentary,No,Yes,Yes,Low_Risk
P-1156,Middle_Aged,Male,No,No,Non_Smoker,Normal_Weight,Active,Yes,No,No,Low_Risk
P-1157,Middle_Aged,Male,No,Yes,Smoker,Normal_Weight,Sedentary,No,Yes,No,High_Risk
P-1158,Young_Adult,Male,No,No,Non_Smoker,Overweight,Active,Yes,Yes,No,Low_Risk
P-1159,Senior,Male,Yes,Yes,Smoker,Normal_Weight,Sedentary,No,No,No,High_Risk
P-1160,Senior,Male,No,Yes,Smoker,Obese,Sedentary,No,No,No,High_Risk
P-1161,Senior,Female,Yes,Yes,Smoker,Overweight,Active,No,Yes,No,High_Risk
P-1162,Senior,Male,No,Yes,Non_Smoker,Overweight,Active,No,No,Yes,High_Risk
P-1163,Young_Adult,Male,Yes,Yes,Non_Smoker,Normal_Weight,Sedentary,No,No,No,Low_Risk
P-1164,Young_Adult,Female,No,No,Non_Smoker,Obese,Sedentary,No,No,Yes,Low_Risk
P-1165,Senior,Male,No,Yes,Smoker,Overweight,Active,No,No,No,Low_Risk
P-1166,Middle_Aged,Male,No,Yes,Non_Smoker,Normal_Weight,Active,No,No,No,High_Risk
P-1167,Middle_Aged,Female,No,No,Smoker,Normal_Weight,Active,No,Yes,No,Low_Risk
P-1168,Senior,Male,No,No,Smoker,Overweight,Sedentary,No,No,No,Low_Risk
P-1169,Young_Adult,Female,No,No,Non_Smoker,Overweight,Active,No,No,No,Low_Risk
P-1170,Middle_Aged,Male,No,No,Smoker,Normal_Weight,Active,No,Yes,Yes,Low_Risk
P-1171,Senior,Male,Yes,Yes,Smoker,Normal_Weight,Sedentary,No,Yes,No,High_Risk
P-1172,Senior,Female,No,No,Non_Smoker,Obese,Sedentary,No,No,Yes,Low_Risk
P-1173,Middle_Aged,Female,Yes,No,Non_Smoker,Normal_Weight,Sedentary,No,No,No,Low_Risk
P-1174,Senior,Female,Yes,Yes,Non_Smoker,Overweight,Sedentary,Yes,Yes,Yes,High_Risk
P-1175,Young_Adult,Female,Yes,No,Non_Smoker,Normal_Weight,Active,No,Yes,Yes,Low_Risk
P-1176,Middle_Aged,Female,No,No,Non_Smoker,Overweight,Active,No,No,No,Low_Risk
P-1177,Middle_Aged,Female,Yes,No,Smoker,Overweight,Active,No,No,No,High_Risk
P-1178,Middle_Aged,Female,No,No,Non_Smoker,Overweight,Active,No,No,No,Low_Risk
P-1179,Middle_Aged,Male,No,No,Non_Smoker,Obese,Sedentary,No,No,Yes,High_Risk
P-1180,Middle_Aged,Male,No,No,Smoker,Obese,Sedentary,No,No,Yes,Low_Risk
P-1181,Middle_Aged,Male,No,No,Non_Smoker,Normal_Weight,Sedentary,No,No,Yes,Low_Risk
P-1182,Middle_Aged,Female,Yes,Yes,Smoker,Normal_Weight,Active,Yes,No,No,High_Risk
P-1183,Young_Adult,Female,Yes,Yes,Non_Smoker,Normal_Weight,Active,No,Yes,Yes,High_Risk
P-1184,Young_Adult,Female,No,No,Non_Smoker,Overweight,Sedentary,Yes,No,No,High_Risk
P-1185,Middle_Aged,Male,Yes,No,Non_Smoker,Normal_Weight,Active,Yes,No,No,Low_Risk
P-1186,Middle_Aged,Male,No,No,Non_Smoker,Obese,Sedentary,No,Yes,Yes,Low_Risk
P-1187,Middle_Aged,Male,Yes,No,Non_Smoker,Overweight,Active,No,No,No,Low_Risk
P-1188,Middle_Aged,Male,Yes,No,Smoker,Normal_Weight,Active,No,No,No,Low_Risk
P-1189,Young_Adult,Female,No,No,Non_Smoker,Obese,Sedentary,No,No,No,Low_Risk
P-1190,Young_Adult,Female,Yes,No,Non_Smoker,Normal_Weight,Active,No,No,No,Low_Risk
P-1191,Senior,Female,Yes,No,Non_Smoker,Normal_Weight,Sedentary,No,No,No,High_Risk
P-1192,Senior,Female,Yes,No,Non_Smoker,Obese,Sedentary,Yes,No,Yes,High_Risk
P-1193,Senior,Female,No,No,Smoker,Obese,Sedentary,No,No,Yes,Low_Risk
P-1194,Senior,Male,Yes,No,Non_Smoker,Normal_Weight,Sedentary,No,No,No,Low_Risk
P-1195,Middle_Aged,Male,No,No,Non_Smoker,Overweight,Sedentary,Yes,Yes,Yes,Low_Risk
P-1196,Young_Adult,Female,No,No,Non_Smoker,Overweight,Active,Yes,No,No,Low_Risk
P-1197,Middle_Aged,Male,No,No,Non_Smoker,Overweight,Sedentary,No,No,No,High_Risk
P-1198,Senior,Male,Yes,Yes,Non_Smoker,Normal_Weight,Sedentary,Yes,Yes,Yes,High_Risk
P-1199,Senior,Female,No,No,Smoker,Normal_Weight,Sedentary,No,Yes,Yes,High_Risk
P-1200,Senior,Female,No,Yes,Non_Smoker,Obese,Sedentary,No,No,Yes,High_Risk
P-1201,Young_Adult,Female,No,No,Non_Smoker,Normal_Weight,Sedentary,Yes,No,No,Low_Risk
P-1202,Young_Adult,Female,Yes,No,Non_Smoker,Normal_Weight,Sedentary,Yes,No,No,Low_Risk
P-1203,Middle_Aged,Male,No,No,Non_Smoker,Overweight,Sedentary,No,No,Yes,Low_Risk
P-1204,Middle_Aged,Male,Yes,No,Smoker,Obese,Sedentary,Yes,No,No,High_Risk
P-1205,Middle_Aged,Female,Yes,Yes,Smoker,Normal_Weight,Active,No,No,No,High_Risk
P-1206,Middle_Aged,Male,Yes,Yes,Non_Smoker,Normal_Weight,Sedentary,No,No,Yes,High_Risk
P-1207,Senior,Male,Yes,Yes,Smoker,Obese,Sedentary,No,Yes,No,High_Risk
P-1208,Senior,Female,No,No,Non_Smoker,Normal_Weight,Sedentary,Yes,No,No,Low_Risk
P-1209,Senior,Male,No,Yes,Smoker,Overweight,Active,No,No,No,High_Risk
P-1210,Senior,Male,Yes,Yes,Smoker,Normal_Weight,Sedentary,Yes,Yes,No,High_Risk
P-1211,Young_Adult,Male,No,Yes,Smoker,Normal_Weight,Active,Yes,Yes,Yes,High_Risk
P-1212,Young_Adult,Male,No,No,Smoker,Obese,Sedentary,Yes,Yes,No,Low_Risk
P-1213,Senior,Female,No,Yes,Smoker,Obese,Sedentary,No,Yes,Yes,High_Risk
P-1214,Middle_Aged,Male,No,No,Non_Smoker,Obese,Sedentary,Yes,Yes,Yes,Low_Risk
P-1215,Middle_Aged,Male,No,No,Non_Smoker,Normal_Weight,Sedentary,No,No,Yes,Low_Risk
P-1216,Senior,Female,Yes,Yes,Non_Smoker,Normal_Weight,Active,No,Yes,Yes,High_Risk
P-1217,Senior,Male,Yes,No,Non_Smoker,Normal_Weight,Sedentary,No,No,Yes,Low_Risk
P-1218,Middle_Aged,Male,Yes,Yes,Non_Smoker,Normal_Weight,Active,No,No,No,Low_Risk
P-1219,Middle_Aged,Female,Yes,Yes,Smoker,Normal_Weight,Active,No,Yes,No,High_Risk
P-1220,Middle_Aged,Female,No,Yes,Smoker,Normal_Weight,Sedentary,Yes,Yes,Yes,High_Risk
P-1221,Middle_Aged,Female,Yes,No,Smoker,Obese,Sedentary,No,No,Yes,Low_Risk
P-1222,Middle_Aged,Female,No,No,Non_Smoker,Overweight,Active,No,No,No,Low_Risk
P-1223,Middle_Aged,Male,No,Yes,Smoker,Overweight,Active,No,No,No,High_Risk
P-1224,Senior,Female,No,No,Smoker,Overweight,Active,No,No,Yes,Low_Risk
P-1225,Young_Adult,Female,No,No,Non_Smoker,Overweight,Active,No,No,Yes,Low_Risk
P-1226,Senior,Male,No,No,Non_Smoker,Obese,Sedentary,No,No,Yes,Low_Risk
P-1227,Senior,Male,Yes,Yes,Smoker,Overweight,Active,No,Yes,Yes,High_Risk
P-1228,Young_Adult,Female,Yes,Yes,Non_Smoker,Normal_Weight,Sedentary,Yes,Yes,Yes,High_Risk
P-1229,Young_Adult,Female,No,No,Smoker,Normal_Weight,Active,No,Yes,No,Low_Risk
P-1230,Young_Adult,Male,No,No,Non_Smoker,Normal_Weight,Active,Yes,No,No,Low_Risk
P-1231,Young_Adult,Male,No,No,Non_Smoker,Normal_Weight,Sedentary,No,No,No,High_Risk
P-1232,Young_Adult,Female,No,No,Non_Smoker,Normal_Weight,Active,No,No,Yes,Low_Risk
P-1233,Middle_Aged,Female,No,Yes,Non_Smoker,Normal_Weight,Active,Yes,No,No,Low_Risk
P-1234,Middle_Aged,Male,No,No,Smoker,Overweight,Active,No,No,Yes,High_Risk
P-1235,Senior,Female,Yes,Yes,Smoker,Normal_Weight,Sedentary,No,No,No,High_Risk
P-1236,Middle_Aged,Male,No,Yes,Smoker,Obese,Sedentary,Yes,No,Yes,High_Risk
P-1237,Middle_Aged,Male,No,No,Non_Smoker,Normal_Weight,Sedentary,No,No,Yes,High_Risk
P-1238,Senior,Male,Yes,No,Non_Smoker,Normal_Weight,Sedentary,Yes,Yes,No,High_Risk
P-1239,Middle_Aged,Male,No,No,Smoker,Normal_Weight,Active,No,No,No,High_Risk
P-1240,Young_Adult,Female,Yes,Yes,Non_Smoker,Overweight,Sedentary,No,Yes,No,High_Risk
P-1241,Senior,Male,Yes,Yes,Non_Smoker,Overweight,Sedentary,Yes,Yes,No,High_Risk
P-1242,Young_Adult,Female,No,Yes,Non_Smoker,Normal_Weight,Sedentary,Yes,No,No,Low_Risk
P-1243,Young_Adult,Male,No,No,Non_Smoker,Obese,Sedentary,No,No,No,Low_Risk
P-1244,Middle_Aged,Male,No,No,Non_Smoker,Overweight,Active,No,No,No,Low_Risk
P-1245,Middle_Aged,Female,Yes,Yes,Non_Smoker,Overweight,Active,No,Yes,No,High_Risk
P-1246,Young_Adult,Male,No,No,Non_Smoker,Overweight,Sedentary,No,No,Yes,Low_Risk
P-1247,Young_Adult,Female,No,No,Smoker,Overweight,Active,No,No,No,Low_Risk
P-1248,Young_Adult,Female,No,Yes,Smoker,Obese,Sedentary,No,No,No,High_Risk
P-1249,Senior,Female,Yes,No,Smoker,Overweight,Active,Yes,No,No,High_Risk
P-1250,Young_Adult,Male,No,Yes,Non_Smoker,Normal_Weight,Active,Yes,No,No,Low_Risk
P-1251,Middle_Aged,Male,Yes,No,Smoker,Obese,Sedentary,No,Yes,Yes,High_Risk
P-1252,Senior,Male,No,No,Smoker,Normal_Weight,Active,No,No,No,High_Risk
P-1253,Senior,Female,Yes,Yes,Non_Smoker,Overweight,Active,Yes,No,No,Low_Risk
P-1254,Young_Adult,Female,No,No,Non_Smoker,Obese,Sedentary,No,No,No,Low_Risk
P-1255,Middle_Aged,Male,No,Yes,Non_Smoker,Normal_Weight,Active,No,No,No,Low_Risk
P-1256,Senior,Female,No,No,Non_Smoker,Overweight,Sedentary,Yes,No,No,Low_Risk
P-1257,Middle_Aged,Male,Yes,Yes,Non_Smoker,Normal_Weight,Active,No,No,Yes,Low_Risk
P-1258,Middle_Aged,Female,No,No,Non_Smoker,Overweight,Sedentary,No,No,No,Low_Risk
P-1259,Senior,Female,No,No,Non_Smoker,Obese,Sedentary,No,Yes,No,Low_Risk
P-1260,Senior,Female,No,No,Non_Smoker,Normal_Weight,Active,No,Yes,Yes,Low_Risk
P-1261,Middle_Aged,Female,No,Yes,Non_Smoker,Overweight,Sedentary,Yes,No,No,Low_Risk
P-1262,Young_Adult,Male,No,No,Smoker,Obese,Sedentary,No,No,No,High_Risk
P-1263,Middle_Aged,Male,Yes,Yes,Smoker,Normal_Weight,Active,No,No,Yes,High_Risk
P-1264,Senior,Male,No,No,Smoker,Normal_Weight,Active,No,No,No,High_Risk
P-1265,Middle_Aged,Female,No,No,Non_Smoker,Normal_Weight,Sedentary,Yes,No,No,Low_Risk
P-1266,Senior,Female,No,Yes,Non_Smoker,Overweight,Active,No,Yes,Yes,High_Risk
P-1267,Senior,Male,Yes,No,Non_Smoker,Overweight,Active,Yes,No,No,Low_Risk
P-1268,Young_Adult,Female,No,No,Non_Smoker,Overweight,Sedentary,No,No,No,Low_Risk
P-1269,Senior,Female,No,No,Non_Smoker,Overweight,Sedentary,Yes,Yes,Yes,High_Risk
P-1270,Senior,Male,Yes,No,Non_Smoker,Overweight,Active,No,No,No,High_Risk
P-1271,Middle_Aged,Male,Yes,Yes,Non_Smoker,Overweight,Sedentary,No,Yes,No,High_Risk
P-1272,Middle_Aged,Female,Yes,Yes,Non_Smoker,Obese,Sedentary,Yes,Yes,Yes,High_Risk
P-1273,Young_Adult,Female,No,No,Non_Smoker,Overweight,Active,No,No,No,Low_Risk
P-1274,Middle_Aged,Female,No,Yes,Smoker,Normal_Weight,Sedentary,No,No,No,High_Risk
P-1275,Middle_Aged,Female,No,No,Smoker,Normal_Weight,Active,No,No,No,Low_Risk
P-1276,Middle_Aged,Male,No,No,Smoker,Normal_Weight,Active,No,Yes,No,Low_Risk
P-1277,Middle_Aged,Female,Yes,Yes,Non_Smoker,Obese,Sedentary,No,Yes,Yes,High_Risk
P-1278,Middle_Aged,Female,No,No,Non_Smoker,Obese,Sedentary,No,No,Yes,Low_Risk
P-1279,Middle_Aged,Male,No,No,Smoker,Overweight,Active,No,No,No,Low_Risk
P-1280,Senior,Male,No,No,Non_Smoker,Overweight,Active,No,No,No,Low_Risk
P-1281,Middle_Aged,Male,No,No,Smoker,Normal_Weight,Active,No,Yes,No,High_Risk
P-1282,Middle_Aged,Male,No,No,Non_Smoker,Normal_Weight,Active,Yes,No,No,Low_Risk
P-1283,Young_Adult,Male,No,No,Non_Smoker,Normal_Weight,Sedentary,No,No,No,Low_Risk
P-1284,Middle_Aged,Female,No,No,Non_Smoker,Overweight,Sedentary,Yes,No,No,Low_Risk
P-1285,Middle_Aged,Female,No,No,Non_Smoker,Normal_Weight,Active,No,No,No,Low_Risk
P-1286,Young_Adult,Male,Yes,Yes,Non_Smoker,Overweight,Sedentary,No,Yes,Yes,High_Risk
P-1287,Senior,Male,Yes,No,Non_Smoker,Normal_Weight,Sedentary,Yes,No,No,Low_Risk
P-1288,Middle_Aged,Male,No,No,Non_Smoker,Overweight,Sedentary,No,No,No,Low_Risk
P-1289,Senior,Male,No,No,Smoker,Overweight,Sedentary,No,No,Yes,High_Risk
P-1290,Young_Adult,Male,Yes,Yes,Non_Smoker,Normal_Weight,Sedentary,Yes,No,Yes,Low_Risk
P-1291,Middle_Aged,Male,Yes,No,Non_Smoker,Obese,Sedentary,No,No,No,Low_Risk
P-1292,Middle_Aged,Female,No,No,Non_Smoker,Overweight,Sedentary,Yes,Yes,No,High_Risk
P-1293,Young_Adult,Male,No,No,Non_Smoker,Overweight,Active,Yes,No,Yes,Low_Risk
P-1294,Senior,Female,No,Yes,Smoker,Overweight,Sedentary,No,No,No,High_Risk
P-1295,Middle_Aged,Male,No,Yes,Non_Smoker,Overweight,Sedentary,No,Yes,Yes,High_Risk
P-1296,Middle_Aged,Male,Yes,Yes,Non_Smoker,Obese,Sedentary,Yes,No,Yes,High_Risk
P-1297,Senior,Male,Yes,Yes,Non_Smoker,Normal_Weight,Active,Yes,No,No,High_Risk
P-1298,Senior,Female,No,No,Non_Smoker,Normal_Weight,Active,No,No,No,Low_Risk
P-1299,Middle_Aged,Female,No,Yes,Smoker,Overweight,Sedentary,Yes,Yes,No,High_Risk
P-1300,Senior,Female,No,Yes,Non_Smoker,Overweight,Sedentary,No,No,No,High_Risk
P-1301,Middle_Aged,Male,Yes,No,Non_Smoker,Overweight,Sedentary,Yes,Yes,No,Low_Risk
P-1302,Young_Adult,Male,Yes,Yes,Non_Smoker,Obese,Sedentary,Yes,No,No,Low_Risk
P-1303,Young_Adult,Female,No,No,Non_Smoker,Overweight,Active,No,No,No,Low_Risk
P-1304,Senior,Female,Yes,No,Non_Smoker,Obese,Sedentary,No,No,No,Low_Risk
P-1305,Senior,Male,Yes,Yes,Smoker,Normal_Weight,Sedentary,No,Yes,No,High_Risk
P-1306,Middle_Aged,Male,Yes,Yes,Smoker,Normal_Weight,Active,No,No,No,Low_Risk
P-1307,Middle_Aged,Male,No,No,Non_Smoker,Normal_Weight,Sedentary,No,No,Yes,Low_Risk
P-1308,Senior,Female,Yes,Yes,Non_Smoker,Normal_Weight,Active,Yes,Yes,Yes,High_Risk
P-1309,Middle_Aged,Male,No,No,Non_Smoker,Obese,Sedentary,No,No,No,Low_Risk
P-1310,Middle_Aged,Male,No,No,Non_Smoker,Obese,Sedentary,Yes,No,Yes,Low_Risk
P-1311,Senior,Male,Yes,Yes,Non_Smoker,Overweight,Sedentary,No,Yes,No,High_Risk
P-1312,Middle_Aged,Female,No,No,Non_Smoker,Normal_Weight,Sedentary,Yes,Yes,Yes,Low_Risk
P-1313,Senior,Male,Yes,No,Non_Smoker,Overweight,Sedentary,No,No,Yes,High_Risk
P-1314,Middle_Aged,Male,Yes,No,Non_Smoker,Obese,Sedentary,Yes,No,Yes,Low_Risk
P-1315,Senior,Male,Yes,No,Non_Smoker,Normal_Weight,Sedentary,No,No,No,High_Risk
P-1316,Young_Adult,Male,Yes,Yes,Non_Smoker,Normal_Weight,Active,Yes,Yes,Yes,High_Risk
P-1317,Middle_Aged,Female,Yes,Yes,Non_Smoker,Overweight,Sedentary,No,Yes,Yes,High_Risk
P-1318,Middle_Aged,Female,No,No,Smoker,Normal_Weight,Active,No,Yes,Yes,High_Risk
P-1319,Middle_Aged,Male,Yes,No,Non_Smoker,Obese,Sedentary,No,No,No,High_Risk
P-1320,Middle_Aged,Male,Yes,No,Smoker,Overweight,Active,No,Yes,No,Low_Risk
P-1321,Young_Adult,Female,No,No,Non_Smoker,Overweight,Sedentary,Yes,No,No,Low_Risk
P-1322,Senior,Female,No,Yes,Non_Smoker,Obese,Sedentary,Yes,No,No,Low_Risk
P-1323,Young_Adult,Female,No,Yes,Smoker,Overweight,Active,No,No,No,Low_Risk
P-1324,Senior,Male,Yes,No,Non_Smoker,Obese,Sedentary,No,No,Yes,High_Risk
P-1325,Young_Adult,Male,No,No,Non_Smoker,Overweight,Active,Yes,No,No,Low_Risk
P-1326,Young_Adult,Male,No,No,Non_Smoker,Obese,Sedentary,Yes,Yes,No,High_Risk
P-1327,Senior,Male,Yes,Yes,Non_Smoker,Overweight,Sedentary,Yes,No,No,Low_Risk
P-1328,Middle_Aged,Female,Yes,Yes,Non_Smoker,Obese,Sedentary,Yes,No,Yes,Low_Risk
P-1329,Middle_Aged,Male,No,No,Non_Smoker,Normal_Weight,Active,No,No,No,Low_Risk
P-1330,Young_Adult,Female,No,Yes,Non_Smoker,Normal_Weight,Active,Yes,No,No,Low_Risk
P-1331,Young_Adult,Female,No,Yes,Non_Smoker,Normal_Weight,Active,No,No,No,High_Risk
P-1332,Middle_Aged,Female,No,No,Smoker,Overweight,Active,No,No,No,High_Risk
P-1333,Senior,Male,Yes,No,Smoker,Obese,Sedentary,No,No,Yes,Low_Risk
P-1334,Middle_Aged,Female,No,Yes,Smoker,Obese,Sedentary,No,No,Yes,High_Risk
P-1335,Young_Adult,Female,No,Yes,Non_Smoker,Normal_Weight,Sedentary,No,No,Yes,Low_Risk
P-1336,Young_Adult,Female,No,No,Non_Smoker,Obese,Sedentary,No,No,No,Low_Risk
P-1337,Middle_Aged,Male,Yes,No,Non_Smoker,Normal_Weight,Sedentary,No,No,Yes,High_Risk
P-1338,Young_Adult,Female,No,No,Non_Smoker,Normal_Weight,Active,Yes,No,No,Low_Risk
P-1339,Senior,Female,No,No,Non_Smoker,Normal_Weight,Sedentary,No,Yes,No,High_Risk
P-1340,Middle_Aged,Female,No,Yes,Non_Smoker,Overweight,Sedentary,Yes,Yes,No,High_Risk
P-1341,Middle_Aged,Female,No,No,Non_Smoker,Normal_Weight,Active,No,No,No,Low_Risk
P-1342,Middle_Aged,Male,No,No,Non_Smoker,Overweight,Active,No,No,No,High_Risk
P-1343,Senior,Male,Yes,Yes,Smoker,Normal_Weight,Active,No,No,No,High_Risk
P-1344,Middle_Aged,Female,Yes,No,Smoker,Normal_Weight,Active,No,Yes,Yes,Low_Risk
P-1345,Middle_Aged,Male,No,Yes,Non_Smoker,Obese,Sedentary,Yes,No,Yes,High_Risk
P-1346,Middle_Aged,Female,Yes,Yes,Non_Smoker,Overweight,Active,Yes,Yes,Yes,High_Risk
P-1347,Middle_Aged,Female,Yes,Yes,Non_Smoker,Overweight,Sedentary,Yes,Yes,Yes,Low_Risk
P-1348,Middle_Aged,Female,No,No,Non_Smoker,Overweight,Sedentary,No,No,No,Low_Risk
P-1349,Young_Adult,Male,No,Yes,Non_Smoker,Overweight,Active,No,No,No,Low_Risk
P-1350,Senior,Male,Yes,Yes,Non_Smoker,Normal_Weight,Sedentary,No,No,No,High_Risk
P-1351,Young_Adult,Male,Yes,No,Non_Smoker,Normal_Weight,Active,No,Yes,Yes,Low_Risk
P-1352,Middle_Aged,Female,Yes,Yes,Non_Smoker,Normal_Weight,Sedentary,Yes,Yes,Yes,High_Risk
P-1353,Senior,Male,No,Yes,Non_Smoker,Overweight,Sedentary,No,No,No,Low_Risk
P-1354,Middle_Aged,Male,Yes,Yes,Non_Smoker,Obese,Sedentary,Yes,No,No,Low_Risk
P-1355,Middle_Aged,Male,No,No,Non_Smoker,Overweight,Active,No,No,Yes,Low_Risk
P-1356,Middle_Aged,Female,Yes,No,Non_Smoker,Normal_Weight,Active,No,No,No,Low_Risk
P-1357,Young_Adult,Male,No,No,Non_Smoker,Obese,Sedentary,No,Yes,Yes,High_Risk
P-1358,Senior,Male,Yes,No,Non_Smoker,Normal_Weight,Active,No,No,No,Low_Risk
P-1359,Middle_Aged,Male,No,No,Non_Smoker,Normal_Weight,Sedentary,No,No,No,Low_Risk
P-1360,Middle_Aged,Female,No,No,Non_Smoker,Normal_Weight,Active,No,No,No,Low_Risk
P-1361,Young_Adult,Male,No,Yes,Non_Smoker,Overweight,Active,Yes,No,No,Low_Risk
P-1362,Middle_Aged,Female,Yes,Yes,Smoker,Obese,Sedentary,No,Yes,Yes,High_Risk
P-1363,Middle_Aged,Female,Yes,No,Smoker,Overweight,Active,No,Yes,Yes,High_Risk
P-1364,Senior,Female,Yes,No,Non_Smoker,Obese,Sedentary,Yes,No,Yes,Low_Risk
P-1365,Middle_Aged,Female,No,Yes,Smoker,Overweight,Sedentary,No,No,No,Low_Risk
P-1366,Middle_Aged,Male,Yes,No,Non_Smoker,Obese,Sedentary,Yes,No,Yes,Low_Risk
P-1367,Middle_Aged,Male,No,No,Non_Smoker,Overweight,Active,No,No,No,Low_Risk
P-1368,Middle_Aged,Male,Yes,No,Non_Smoker,Overweight,Active,Yes,No,No,High_Risk
P-1369,Senior,Male,No,No,Smoker,Overweight,Active,No,No,No,Low_Risk
P-1370,Middle_Aged,Male,Yes,No,Non_Smoker,Overweight,Sedentary,No,No,No,Low_Risk
P-1371,Middle_Aged,Male,No,No,Non_Smoker,Normal_Weight,Active,Yes,No,No,Low_Risk
P-1372,Middle_Aged,Female,No,No,Smoker,Normal_Weight,Active,Yes,No,No,Low_Risk
P-1373,Senior,Female,No,No,Non_Smoker,Obese,Sedentary,Yes,Yes,No,High_Risk
P-1374,Young_Adult,Female,Yes,No,Non_Smoker,Overweight,Active,No,No,No,Low_Risk
P-1375,Young_Adult,Female,No,Yes,Non_Smoker,Obese,Sedentary,No,No,Yes,Low_Risk
P-1376,Middle_Aged,Female,Yes,Yes,Smoker,Normal_Weight,Active,Yes,No,No,High_Risk
P-1377,Young_Adult,Female,Yes,Yes,Non_Smoker,Obese,Sedentary,No,No,Yes,High_Risk
P-1378,Middle_Aged,Female,Yes,No,Smoker,Overweight,Active,No,No,Yes,Low_Risk
P-1379,Senior,Male,Yes,Yes,Smoker,Normal_Weight,Active,Yes,Yes,No,High_Risk
P-1380,Senior,Female,No,Yes,Non_Smoker,Normal_Weight,Sedentary,Yes,No,Yes,Low_Risk
P-1381,Middle_Aged,Male,No,Yes,Non_Smoker,Obese,Sedentary,No,No,Yes,Low_Risk
P-1382,Young_Adult,Male,No,Yes,Non_Smoker,Obese,Sedentary,No,No,Yes,Low_Risk
P-1383,Middle_Aged,Male,Yes,No,Smoker,Normal_Weight,Sedentary,Yes,Yes,No,Low_Risk
P-1384,Young_Adult,Male,No,Yes,Smoker,Obese,Sedentary,Yes,No,Yes,High_Risk
P-1385,Senior,Male,Yes,Yes,Smoker,Overweight,Active,Yes,No,No,High_Risk
P-1386,Middle_Aged,Male,Yes,No,Non_Smoker,Normal_Weight,Sedentary,Yes,No,Yes,Low_Risk
P-1387,Young_Adult,Male,Yes,Yes,Smoker,Overweight,Sedentary,Yes,Yes,Yes,High_Risk
P-1388,Middle_Aged,Female,No,No,Non_Smoker,Normal_Weight,Sedentary,Yes,No,No,Low_Risk
P-1389,Middle_Aged,Female,Yes,Yes,Non_Smoker,Overweight,Active,No,Yes,Yes,High_Risk
P-1390,Middle_Aged,Male,No,No,Non_Smoker,Normal_Weight,Sedentary,Yes,No,No,Low_Risk
P-1391,Senior,Female,Yes,Yes,Non_Smoker,Overweight,Sedentary,Yes,Yes,Yes,High_Risk
P-1392,Middle_Aged,Male,Yes,Yes,Non_Smoker,Overweight,Active,No,Yes,Yes,High_Risk
P-1393,Middle_Aged,Male,No,No,Non_Smoker,Obese,Sedentary,No,No,No,Low_Risk
P-1394,Middle_Aged,Female,Yes,Yes,Non_Smoker,Normal_Weight,Sedentary,Yes,Yes,No,High_Risk
P-1395,Young_Adult,Male,No,No,Non_Smoker,Obese,Sedentary,No,No,No,Low_Risk
P-1396,Senior,Male,Yes,Yes,Non_Smoker,Obese,Sedentary,No,Yes,Yes,High_Risk
P-1397,Young_Adult,Female,No,Yes,Non_Smoker,Obese,Sedentary,No,No,No,Low_Risk
P-1398,Senior,Male,Yes,Yes,Smoker,Normal_Weight,Sedentary,No,Yes,Yes,High_Risk
P-1399,Senior,Female,No,No,Smoker,Overweight,Sedentary,No,Yes,Yes,High_Risk
P-1400,Middle_Aged,Female,Yes,Yes,Smoker,Overweight,Sedentary,No,No,No,Low_Risk
P-1401,Middle_Aged,Female,No,No,Smoker,Overweight,Active,Yes,No,No,High_Risk
P-1402,Senior,Male,Yes,No,Smoker,Overweight,Active,No,Yes,Yes,High_Risk
P-1403,Middle_Aged,Female,No,Yes,Smoker,Normal_Weight,Active,No,No,No,High_Risk
P-1404,Middle_Aged,Male,No,Yes,Smoker,Obese,Sedentary,No,No,No,High_Risk
P-1405,Middle_Aged,Male,Yes,Yes,Non_Smoker,Obese,Sedentary,No,Yes,No,Low_Risk
P-1406,Young_Adult,Female,No,Yes,Non_Smoker,Overweight,Sedentary,No,Yes,Yes,High_Risk
P-1407,Middle_Aged,Female,Yes,Yes,Smoker,Overweight,Active,No,Yes,Yes,High_Risk
P-1408,Middle_Aged,Female,No,Yes,Smoker,Normal_Weight,Sedentary,Yes,No,No,High_Risk
P-1409,Middle_Aged,Female,Yes,No,Non_Smoker,Normal_Weight,Sedentary,No,No,No,High_Risk
P-1410,Senior,Female,No,No,Non_Smoker,Normal_Weight,Sedentary,No,No,No,Low_Risk
P-1411,Middle_Aged,Male,Yes,Yes,Smoker,Obese,Sedentary,Yes,Yes,Yes,High_Risk
P-1412,Young_Adult,Female,No,Yes,Non_Smoker,Normal_Weight,Sedentary,No,Yes,No,High_Risk
P-1413,Young_Adult,Male,No,No,Non_Smoker,Overweight,Sedentary,Yes,Yes,Yes,Low_Risk
P-1414,Middle_Aged,Female,No,No,Non_Smoker,Normal_Weight,Sedentary,No,No,No,Low_Risk
P-1415,Senior,Female,Yes,No,Non_Smoker,Normal_Weight,Active,No,No,Yes,High_Risk
P-1416,Young_Adult,Female,No,No,Smoker,Obese,Sedentary,No,No,No,Low_Risk
P-1417,Senior,Female,No,No,Smoker,Obese,Sedentary,Yes,Yes,No,Low_Risk
P-1418,Middle_Aged,Male,Yes,No,Non_Smoker,Overweight,Active,No,No,No,Low_Risk
P-1419,Senior,Female,No,Yes,Non_Smoker,Overweight,Sedentary,No,No,No,High_Risk
P-1420,Middle_Aged,Female,Yes,Yes,Non_Smoker,Normal_Weight,Sedentary,No,No,Yes,High_Risk
P-1421,Middle_Aged,Female,No,No,Non_Smoker,Overweight,Active,No,Yes,No,Low_Risk
P-1422,Senior,Female,Yes,Yes,Non_Smoker,Obese,Sedentary,No,Yes,No,High_Risk
P-1423,Middle_Aged,Female,No,Yes,Non_Smoker,Obese,Sedentary,No,Yes,No,High_Risk
P-1424,Middle_Aged,Male,Yes,Yes,Non_Smoker,Overweight,Active,No,No,No,High_Risk
P-1425,Middle_Aged,Female,No,No,Non_Smoker,Normal_Weight,Active,No,No,No,High_Risk
P-1426,Senior,Male,No,No,Non_Smoker,Normal_Weight,Active,Yes,No,No,Low_Risk
P-1427,Senior,Female,Yes,No,Non_Smoker,Obese,Sedentary,No,No,Yes,High_Risk
P-1428,Senior,Male,Yes,Yes,Non_Smoker,Overweight,Sedentary,Yes,No,No,Low_Risk
P-1429,Young_Adult,Male,No,No,Non_Smoker,Normal_Weight,Active,No,No,No,Low_Risk
P-1430,Senior,Female,No,Yes,Smoker,Normal_Weight,Active,No,Yes,Yes,High_Risk
P-1431,Middle_Aged,Female,Yes,Yes,Non_Smoker,Obese,Sedentary,No,No,Yes,Low_Risk
P-1432,Middle_Aged,Male,No,No,Smoker,Obese,Sedentary,No,Yes,No,Low_Risk
P-1433,Middle_Aged,Female,Yes,Yes,Non_Smoker,Normal_Weight,Sedentary,No,No,No,Low_Risk
P-1434,Young_Adult,Female,No,No,Smoker,Normal_Weight,Active,No,No,Yes,Low_Risk
P-1435,Senior,Female,No,Yes,Smoker,Normal_Weight,Active,No,Yes,No,High_Risk
P-1436,Middle_Aged,Male,No,No,Non_Smoker,Normal_Weight,Active,No,No,No,Low_Risk
P-1437,Middle_Aged,Female,No,No,Non_Smoker,Overweight,Active,No,No,Yes,Low_Risk
P-1438,Senior,Female,No,No,Smoker,Normal_Weight,Active,Yes,No,No,Low_Risk
P-1439,Middle_Aged,Male,No,No,Non_Smoker,Normal_Weight,Active,Yes,No,No,Low_Risk
P-1440,Young_Adult,Female,Yes,No,Smoker,Obese,Sedentary,No,No,No,High_Risk
P-1441,Middle_Aged,Female,Yes,No,Non_Smoker,Normal_Weight,Active,No,No,No,Low_Risk
P-1442,Middle_Aged,Male,Yes,Yes,Non_Smoker,Normal_Weight,Sedentary,Yes,Yes,No,High_Risk
P-1443,Senior,Female,Yes,No,Non_Smoker,Overweight,Active,No,No,No,High_Risk
P-1444,Middle_Aged,Male,No,No,Non_Smoker,Obese,Sedentary,No,Yes,Yes,High_Risk
P-1445,Middle_Aged,Male,No,No,Smoker,Obese,Sedentary,No,Yes,No,High_Risk
P-1446,Senior,Female,Yes,No,Non_Smoker,Obese,Sedentary,No,No,Yes,Low_Risk
P-1447,Young_Adult,Female,No,No,Non_Smoker,Normal_Weight,Active,Yes,No,Yes,Low_Risk
P-1448,Senior,Female,No,No,Non_Smoker,Normal_Weight,Sedentary,No,No,No,Low_Risk
P-1449,Young_Adult,Male,No,No,Non_Smoker,Normal_Weight,Active,No,No,Yes,High_Risk
P-1450,Middle_Aged,Female,No,No,Non_Smoker,Obese,Sedentary,Yes,Yes,No,Low_Risk
P-1451,Middle_Aged,Female,No,No,Non_Smoker,Normal_Weight,Active,No,No,No,Low_Risk
P-1452,Middle_Aged,Female,No,No,Non_Smoker,Normal_Weight,Sedentary,Yes,No,No,Low_Risk
P-1453,Middle_Aged,Male,No,Yes,Non_Smoker,Obese,Sedentary,Yes,Yes,Yes,High_Risk
P-1454,Middle_Aged,Male,No,Yes,Non_Smoker,Overweight,Active,Yes,No,No,Low_Risk
P-1455,Senior,Male,Yes,Yes,Non_Smoker,Overweight,Active,Yes,No,No,High_Risk
P-1456,Young_Adult,Female,No,No,Non_Smoker,Normal_Weight,Sedentary,Yes,No,No,Low_Risk
P-1457,Young_Adult,Female,No,No,Smoker,Normal_Weight,Active,No,No,Yes,Low_Risk
P-1458,Middle_Aged,Female,Yes,No,Smoker,Obese,Sedentary,No,Yes,Yes,High_Risk
P-1459,Young_Adult,Female,No,No,Smoker,Normal_Weight,Active,Yes,Yes,No,Low_Risk
P-1460,Senior,Female,No,No,Non_Smoker,Normal_Weight,Active,No,No,No,Low_Risk
P-1461,Young_Adult,Male,No,No,Non_Smoker,Normal_Weight,Active,No,No,No,Low_Risk
P-1462,Middle_Aged,Female,No,No,Smoker,Obese,Sedentary,Yes,No,Yes,Low_Risk
P-1463,Senior,Female,Yes,Yes,Non_Smoker,Normal_Weight,Active,No,No,No,High_Risk
P-1464,Middle_Aged,Female,No,No,Non_Smoker,Normal_Weight,Sedentary,Yes,No,No,Low_Risk
P-1465,Middle_Aged,Male,Yes,No,Non_Smoker,Normal_Weight,Sedentary,No,No,No,High_Risk
P-1466,Middle_Aged,Male,No,No,Smoker,Overweight,Sedentary,No,No,No,Low_Risk
P-1467,Young_Adult,Female,No,Yes,Non_Smoker,Obese,Sedentary,No,Yes,Yes,High_Risk
P-1468,Middle_Aged,Male,No,Yes,Non_Smoker,Normal_Weight,Active,No,No,No,High_Risk
P-1469,Middle_Aged,Female,Yes,Yes,Non_Smoker,Overweight,Active,No,Yes,Yes,Low_Risk
P-1470,Senior,Male,Yes,Yes,Non_Smoker,Overweight,Active,No,No,No,High_Risk
P-1471,Middle_Aged,Male,No,No,Smoker,Normal_Weight,Active,Yes,No,No,Low_Risk
P-1472,Middle_Aged,Male,No,No,Smoker,Overweight,Active,No,Yes,No,High_Risk
P-1473,Young_Adult,Male,No,No,Smoker,Normal_Weight,Active,No,No,No,Low_Risk
P-1474,Young_Adult,Male,No,No,Non_Smoker,Overweight,Active,No,No,Yes,Low_Risk
P-1475,Senior,Female,No,No,Non_Smoker,Obese,Sedentary,Yes,Yes,Yes,High_Risk
P-1476,Young_Adult,Female,No,No,Non_Smoker,Obese,Sedentary,Yes,Yes,Yes,Low_Risk
P-1477,Senior,Male,Yes,Yes,Non_Smoker,Overweight,Active,Yes,No,No,Low_Risk
P-1478,Middle_Aged,Female,No,Yes,Non_Smoker,Normal_Weight,Active,Yes,No,Yes,Low_Risk
P-1479,Young_Adult,Female,No,No,Non_Smoker,Overweight,Active,No,No,No,Low_Risk
P-1480,Middle_Aged,Male,Yes,Yes,Non_Smoker,Overweight,Active,Yes,Yes,No,High_Risk
P-1481,Senior,Male,Yes,Yes,Non_Smoker,Obese,Sedentary,No,No,Yes,High_Risk
P-1482,Middle_Aged,Male,No,Yes,Non_Smoker,Obese,Sedentary,No,No,Yes,Low_Risk
P-1483,Middle_Aged,Female,Yes,Yes,Smoker,Overweight,Active,Yes,No,No,Low_Risk
P-1484,Senior,Female,Yes,Yes,Non_Smoker,Obese,Sedentary,Yes,No,No,High_Risk
P-1485,Senior,Male,Yes,No,Non_Smoker,Normal_Weight,Active,No,No,Yes,High_Risk
P-1486,Senior,Male,Yes,Yes,Smoker,Obese,Sedentary,No,No,Yes,High_Risk
P-1487,Young_Adult,Male,No,No,Non_Smoker,Normal_Weight,Active,No,No,No,Low_Risk
P-1488,Senior,Female,Yes,No,Non_Smoker,Normal_Weight,Active,No,No,No,Low_Risk
P-1489,Young_Adult,Female,No,Yes,Smoker,Overweight,Active,Yes,No,Yes,Low_Risk
P-1490,Young_Adult,Male,Yes,Yes,Non_Smoker,Normal_Weight,Sedentary,No,Yes,Yes,High_Risk
P-1491,Middle_Aged,Female,No,No,Non_Smoker,Obese,Sedentary,No,No,Yes,Low_Risk
P-1492,Middle_Aged,Female,Yes,Yes,Non_Smoker,Obese,Sedentary,No,Yes,Yes,High_Risk
P-1493,Middle_Aged,Male,No,No,Smoker,Overweight,Active,No,No,No,Low_Risk
P-1494,Middle_Aged,Male,Yes,Yes,Smoker,Obese,Sedentary,No,Yes,Yes,High_Risk
P-1495,Middle_Aged,Female,No,No,Smoker,Overweight,Sedentary,No,Yes,Yes,High_Risk
P-1496,Senior,Male,No,Yes,Non_Smoker,Overweight,Sedentary,No,No,Yes,High_Risk
P-1497,Senior,Female,No,No,Non_Smoker,Overweight,Active,No,No,Yes,Low_Risk
P-1498,Senior,Male,Yes,Yes,Non_Smoker,Overweight,Active,Yes,Yes,No,High_Risk
P-1499,Middle_Aged,Female,No,Yes,Non_Smoker,Normal_Weight,Active,No,Yes,No,Low_Risk
P-1500,Middle_Aged,Female,Yes,No,Smoker,Normal_Weight,Sedentary,No,No,No,High_Risk
